Date,Mid-Atlantic ULS Diesel Stocks (Thousand Barrels),Mid-Atlantic Gasoline Stocks (Thousand Barrels),East Coast Gasoline Stocks (Thousand Barrels),East Coast Ethanol Stocks  (Thousand Barrels),U.S. Gasoline Stocks (Thousand Barrels),U.S. Crude Oil Stocks (Thousand Barrels)
01/26/2018,22786,31105,63317,7523,242060,418359
01/19/2018,22632,30685,63219,7377,244040,411583
01/12/2018,23227,30317,60968,6999,240942,412654
01/05/2018,26169,30874,61447,7208,237322,419515
12/29/2017,27302,30038,58210,7013,233187,424463
12/22/2017,26278,30395,58155,6914,228374,431882
12/15/2017,26695,29132,57820,6927,227783,436491
12/08/2017,26369,30683,59200,6789,226546,442986
12/01/2017,26077,28288,58450,7185,220882,448103
11/24/2017,25609,26291,56069,6952,214102,453713
11/17/2017,25247,24564,53487,6979,210475,457142
11/10/2017,23746,23814,52941,7108,210431,458997
11/03/2017,22966,24021,52416,6611,209537,457143
10/27/2017,22434,24454,53990,7097,212849,454906
10/20/2017,22075,25765,56880,6905,216869,457341
10/13/2017,22110,25896,57912,7071,222334,456485
10/06/2017,23169,26939,58210,7339,221426,462216
09/29/2017,23594,26215,56936,7512,218936,464963
09/22/2017,23917,26539,55808,6579,217292,470986
09/15/2017,24375,27854,53448,6740,216185,472832
09/08/2017,25273,28420,54833,6615,218310,468241
09/01/2017,27635,30877,60488,6311,226738,462353
08/25/2017,29128,31152,62718,6823,229937,457773
08/18/2017,29803,30996,63034,6745,229902,463165
08/11/2017,29600,31652,64847,6904,231125,466492
08/04/2017,29354,32602,63983,7552,231103,475437
07/28/2017,28871,31952,62597,7546,227679,481888
07/21/2017,28714,31884,62163,7630,230196,483415
07/14/2017,29706,31947,64349,7831,231211,490623
07/07/2017,30798,31697,66271,7492,235656,495350
06/30/2017,28900,32993,66184,7472,237303,502914
06/23/2017,29895,34745,68202,7788,240972,509213
06/16/2017,30040,34771,67605,7682,241866,509095
06/09/2017,28822,35054,68969,7756,242444,511546
06/02/2017,29634,34319,69196,7506,240348,513207
05/26/2017,29326,35092,68426,8009,237024,509912
05/19/2017,29454,37394,69980,8174,239882,516340
05/12/2017,29045,38265,70157,8309,240669,520772
05/05/2017,29982,37305,69766,8560,241082,522525
04/28/2017,29353,35406,67206,8227,241232,527772
04/21/2017,29075,35502,67909,8520,241041,528702
04/14/2017,27749,35363,64484,8169,237672,532343
04/07/2017,28279,35554,65760,8079,236130,533377
03/31/2017,28807,35256,65929,8183,239103,535543
03/24/2017,29523,35803,65648,8028,239721,533977
03/17/2017,30055,36189,68184,7567,243468,533110
03/10/2017,31365,38464,69442,7788,246279,528156
03/03/2017,31997,39313,71217,7806,249334,528393
02/24/2017,32545,40270,75041,7815,255889,520184
02/17/2017,32754,41410,75488,7895,256435,518683
02/10/2017,33399,42343,76285,7675,259063,518119
02/03/2017,35024,40101,73845,7678,256217,508592
01/27/2017,35961,39686,73540,7571,257086,494762
01/20/2017,35060,36639,71597,7634,253220,488296
01/13/2017,34833,36289,70693,7181,246424,485456
01/06/2017,35673,35086,67292,6710,240473,483109
12/30/2016,34955,33303,65177,6237,235450,479012
12/23/2016,35903,31158,61516,6343,227143,486063
12/16/2016,35273,31590,61985,6624,228736,485449
12/09/2016,35542,31597,63146,6562,230045,483193
12/02/2016,34982,31578,61557,6253,229548,485756
11/25/2016,34835,30115,59429,6057,226123,488145
11/18/2016,32641,29410,58973,6347,224026,489029
11/11/2016,33653,29010,56167,5991,221709,490284
11/04/2016,34049,27980,55592,6273,220963,485010
10/28/2016,34024,29446,60969,6544,223804,482578
10/21/2016,33745,29684,62874,6713,226011,468158
10/14/2016,35035,29281,60907,6353,227967,468711
10/07/2016,34636,27372,57932,6365,225498,473958
09/30/2016,34164,29947,59797,7127,227405,469108
09/23/2016,34549,29581,56250,7422,227183,472084
09/16/2016,34672,29804,55535,7036,225156,473966
09/09/2016,34210,32080,64010,7080,228360,480166
09/02/2016,32550,33801,64894,7209,227793,480725
08/26/2016,32339,34267,67178,7365,232004,495238
08/19/2016,31392,36533,69114,7170,232695,492962
08/12/2016,31411,36725,70125,7488,232659,490461
08/05/2016,30218,37196,70915,6918,235383,492969
07/29/2016,29742,36633,71316,7375,238190,491914
07/22/2016,31119,37989,72493,7399,241452,490501
07/15/2016,30640,37395,72003,7484,241000,488830
07/08/2016,30811,36548,72064,7838,240089,491172
07/01/2016,29994,37044,71852,7624,238876,493718
06/24/2016,28770,37906,72465,7454,238998,495941
06/17/2016,29434,35280,68624,7724,237631,499994
06/10/2016,28723,36603,69664,7446,237004,500911
06/03/2016,27650,36666,68378,7047,239629,501844
05/27/2016,28314,36791,67636,7281,238619,504205
05/20/2016,28746,37784,68276,6940,240111,505571
05/13/2016,28383,36942,66044,7107,238068,509797
05/06/2016,29486,37586,66646,7685,240564,508487
04/29/2016,28147,38157,68816,7836,241795,512095
04/22/2016,27684,36922,66437,8143,241259,509311
04/15/2016,27898,37410,65139,8081,239651,507312
04/08/2016,26773,35691,63544,8134,239761,505232
04/01/2016,27298,37320,65906,8077,243998,498598
03/25/2016,27998,36168,64871,8462,242560,503816
03/18/2016,28518,36919,66708,8327,245074,501517
03/11/2016,28600,38678,69247,8313,249716,492160
03/04/2016,29888,37965,68510,8095,250463,490843
02/26/2016,30372,38711,70855,8314,254989,486699
02/19/2016,30037,37468,72233,8218,256457,476325
02/12/2016,31228,36689,70473,8439,258693,472823
02/05/2016,31858,36039,68763,8087,255657,470676
01/29/2016,30846,35708,67701,7724,254399,471344
01/22/2016,32049,33818,64945,7504,248461,463552
01/15/2016,33396,32556,61998,7390,244997,455169
01/08/2016,32026,32110,62906,6850,240434,451190
01/01/2016,31919,29219,59768,7036,231996,450956
12/25/2015,31667,28642,57293,6587,221420,455106
12/18/2015,31099,28119,56908,6848,220495,452477
12/11/2015,31652,28661,58726,6538,219384,458354
12/04/2015,30793,27793,57360,6370,217653,453553
11/27/2015,31859,27718,57303,6572,216867,457212
11/20/2015,30913,28120,58339,6644,216732,456035
11/13/2015,30899,27836,57628,6468,214254,455074
11/06/2015,30427,27633,58282,6147,213245,454822
10/30/2015,30088,30124,60850,5892,215347,450841
10/23/2015,30223,31418,62438,5877,218647,447994
10/16/2015,31929,31972,61800,6119,219784,444618
10/09/2015,30728,33051,63547,6309,221302,436590
10/02/2015,29816,31589,63237,6311,223920,429028
09/25/2015,29778,29620,60251,6496,222010,425988
09/18/2015,29870,28986,58232,6715,218756,422033
09/11/2015,29448,30025,60780,6343,217387,423958
09/04/2015,30173,27525,57409,6325,214547,426062
08/28/2015,29455,29213,59818,6484,214163,423657
08/21/2015,29092,29076,60401,6627,214434,418990
08/14/2015,27353,28495,59535,6513,212774,424442
08/07/2015,26898,27299,59213,6488,215482,421822
07/31/2015,25634,27673,59821,7107,216733,423226
07/24/2015,25268,27904,59980,7382,215922,427633
07/17/2015,24731,27589,60803,7357,216285,431836
07/10/2015,23289,28198,62075,7346,218010,429368
07/03/2015,22247,27907,60474,6823,217952,433714
06/26/2015,20764,28286,59856,6717,216737,433223
06/19/2015,19874,28473,59578,6997,218494,430837
06/12/2015,18733,29086,59111,7239,217814,435771
06/05/2015,17752,29354,58696,7260,217354,438447
05/29/2015,17207,32130,61277,7036,220293,444464
05/22/2015,16507,32700,60450,7349,220627,446412
05/15/2015,16154,33589,62288,7602,223936,449214
05/08/2015,15867,34352,63239,7572,226710,451888
05/01/2015,14676,36419,64424,7824,227852,454079
04/24/2015,12772,35976,63725,7954,227451,458181
04/17/2015,11790,35450,63348,8017,225738,456271
04/10/2015,11582,35215,62952,8003,227873,450956
04/03/2015,10149,36104,64377,7541,229945,449662
03/27/2015,9009,36400,64353,7513,229128,437983
03/20/2015,9265,36963,66076,7721,233386,433217
03/13/2015,8928,37030,67054,7222,235400,425047
03/06/2015,9793,36699,68006,7495,239873,415425
02/27/2015,9494,36529,67574,7626,240060,410246
02/20/2015,11857,37221,69590,7584,240014,399943
02/13/2015,14040,37974,70441,7316,243132,391516
02/06/2015,15285,38301,69407,7742,242647,383800
01/30/2015,15236,36975,68533,7364,240670,379473
01/23/2015,13860,35305,64278,7177,238335,373140
01/16/2015,13385,34503,66008,6904,240922,364266
01/09/2015,13749,33359,64150,6511,240334,354195
01/02/2015,12460,31604,62390,6032,237163,348806
12/26/2014,11753,29065,57653,5969,229048,352979
12/19/2014,10990,28436,57118,5641,226097,354733
12/12/2014,11789,26413,53717,5739,222014,347466
12/05/2014,12403,24651,52355,5943,216764,348313
11/28/2014,12577,24259,50150,5939,208567,347015
11/21/2014,13290,24517,49461,5888,206424,350704
11/14/2014,14835,24461,49894,6092,204599,348758
11/07/2014,16321,24957,50337,6173,203565,346150
10/31/2014,17663,24172,51129,6242,201760,348935
10/24/2014,17105,24885,50771,6073,203138,348475
10/17/2014,19345,24444,52156,6743,204374,346414
10/10/2014,17588,25624,52331,6939,205673,339303
10/03/2014,18072,26168,54909,6997,209668,330380
09/26/2014,18699,25746,53550,7222,208488,325465
09/19/2014,18187,26181,55454,7096,210324,326828
09/12/2014,18299,27263,54603,7161,210738,331101
09/05/2014,17902,28460,57147,7054,212373,327428
08/29/2014,18078,29204,56963,6759,209992,328119
08/22/2014,17612,28981,57553,6521,212314,329024
08/15/2014,18301,29422,58644,6497,213274,331094
08/08/2014,18425,29660,57969,6077,212689,335568
08/01/2014,18508,29959,58417,6569,213849,334167
07/25/2014,18001,31605,60008,6787,218236,335631
07/18/2014,17123,30273,60232,6521,217871,339328
07/11/2014,14669,30266,60591,6369,214492,343297
07/04/2014,14135,30511,61992,6696,214321,350822
06/27/2014,13048,29368,60733,6897,213742,353229
06/20/2014,13235,29259,62035,6926,214977,356384
06/13/2014,12761,30799,62175,6894,214267,354642
06/06/2014,11413,30703,60821,7086,213482,355221
05/30/2014,11475,30734,60606,6897,211785,357951
05/23/2014,12303,30214,59235,6606,211575,361382
05/16/2014,10953,29646,56766,6354,213378,359725
05/09/2014,10763,28516,55513,6377,212408,366951
05/02/2014,12126,27735,54466,6229,213180,366004
04/25/2014,12106,27354,54153,5922,211572,367576
04/18/2014,12267,28893,54059,5517,210008,365878
04/11/2014,12224,28838,54158,5361,210282,362354
04/04/2014,11536,29274,53899,5183,210436,352341
03/28/2014,9502,29879,55119,4998,215624,348423
03/21/2014,9407,31572,57058,4710,217198,350802
03/14/2014,9183,30446,56505,4476,222299,344183
03/07/2014,9548,30385,58362,4565,223766,338333
02/28/2014,9208,30578,59541,4859,228996,332453
02/21/2014,8730,30614,61234,5036,230600,331024
02/14/2014,8468,31960,63036,5028,233407,330956
02/07/2014,7821,32773,63545,5285,233098,329983
01/31/2014,8153,31847,64602,5568,234951,326930
01/24/2014,9894,32075,63728,5342,234446,326490
01/17/2014,10702,31853,62731,5478,235265,320069
01/10/2014,11978,31215,62787,5123,233142,319079
01/03/2014,13737,30107,59425,4901,226959,326737
12/27/2013,12621,28062,57249,4972,220716,330695
12/20/2013,12498,27340,56234,5009,219872,337702
12/13/2013,12667,26388,56534,5095,220486,342433
12/06/2013,12491,27954,57309,4937,219149,345374
11/29/2013,11672,25976,54267,4755,212432,356378
11/22/2013,11420,24959,53515,4950,210604,361963
11/15/2013,11661,25872,52419,5072,208853,359010
11/08/2013,11705,25719,52813,4934,209198,358635
11/01/2013,12052,28039,54021,5166,210036,355995
10/25/2013,13324,29021,56058,4888,213791,354806
10/18/2013,13467,30491,57168,5155,215504,350719
10/11/2013,14449,30628,57070,5041,217309,345473
10/04/2013,15477,31482,58364,5074,219879,341474
09/27/2013,17193,30546,55968,5337,219730,334730
09/20/2013,18030,29120,54406,5345,216235,329258
09/13/2013,18821,29313,56074,5815,216018,326623
09/06/2013,19326,28715,56820,6132,217645,330991
08/30/2013,19062,28769,58260,6205,215987,331609
08/23/2013,19148,29850,58296,6212,217814,333445
08/16/2013,18633,30160,58542,6223,218401,330459
08/09/2013,17423,30989,61284,6024,222430,331887
08/02/2013,16026,30423,61661,6162,223599,334699
07/26/2013,17524,29479,60290,6223,223464,336130
07/19/2013,17944,28942,61068,6748,222694,335699
07/12/2013,17762,29768,62480,6667,224083,338524
07/05/2013,17264,30966,62639,5879,221028,345426
06/28/2013,16099,31826,62991,5833,223662,355163
06/21/2013,15177,33789,63835,5972,225381,365510
06/14/2013,14189,32970,62273,5917,221728,365492
06/07/2013,13502,32694,63778,5903,221545,365179
05/31/2013,12833,31752,60914,5647,218797,362550
05/24/2013,10819,34266,62740,5611,219163,368817
05/17/2013,10865,34518,63581,5439,220677,365817
05/10/2013,11210,34295,63348,5514,217662,366155
05/03/2013,12125,32843,61543,5677,215074,366779
04/26/2013,10812,32477,61725,5597,215984,366408
04/19/2013,11305,32285,60550,5935,217802,359712
04/12/2013,11264,32461,59980,6002,221730,358765
04/05/2013,11268,33032,59306,6034,222363,359998
03/29/2013,10870,32224,57765,6166,220664,360116
03/22/2013,10861,33089,58934,5997,221236,357409
03/15/2013,10878,33691,59798,6339,222832,354153
03/08/2013,11093,33575,59914,6425,224308,355467
03/01/2013,10775,33693,60463,7200,227879,352843
02/22/2013,9840,33463,59812,7027,228495,349107
02/15/2013,11172,33310,59548,7119,230352,347977
02/08/2013,11326,32830,59773,7054,233236,343834
02/01/2013,13026,32434,58069,7134,234039,343274
01/25/2013,13799,29045,55191,7430,232301,340940
01/18/2013,13648,28766,53948,7269,233257,334993
01/11/2013,13837,26942,53454,7657,234995,332180
01/04/2013,12823,26389,52933,7258,233085,333131
12/28/2012,11881,26107,51971,7038,225673,332239
12/21/2012,9967,25529,51108,7088,223104,343359
12/14/2012,10242,24140,49127,7022,219322,343945
12/07/2012,8934,24758,49572,7145,217115,344909
11/30/2012,8110,24489,47873,6854,212115,344769
11/23/2012,7675,22804,47361,6304,204255,347126
11/16/2012,6953,23683,46110,6935,200390,347473
11/09/2012,6857,22249,45107,6566,201937,348939
11/02/2012,7489,22935,46643,6335,202377,347850
10/26/2012,8496,23245,47892,7232,199502,346303
10/19/2012,7876,22896,48094,7026,198567,348348
10/12/2012,7406,22465,46753,7070,197128,342452
10/05/2012,8190,21382,45118,7307,195408,339592
09/28/2012,8410,20380,46146,7341,195942,338080
09/21/2012,8476,21470,46811,7578,195828,338562
09/14/2012,8295,22655,47768,7343,196309,341008
09/07/2012,8632,23888,50071,6978,197716,332474
08/31/2012,9046,24669,49842,7221,198893,331065
08/24/2012,9776,23842,49463,7321,201227,338491
08/17/2012,9444,23774,49575,7060,202736,334713
08/10/2012,9748,23955,49896,7452,203698,340125
08/03/2012,10027,23599,51676,7143,206069,343824
07/27/2012,10220,24290,52811,7402,207870,347599
07/20/2012,9796,24350,54100,7290,210044,354121
07/13/2012,9684,24193,52219,7343,205910,351404
07/06/2012,10005,24640,53459,7403,207725,352213
06/29/2012,8200,23736,52361,7780,204973,357068
06/22/2012,8803,25137,54108,8334,204822,361338
06/15/2012,8589,25173,54299,8366,202744,361471
06/08/2012,8567,23708,53774,8224,201801,358610
06/01/2012,9295,25489,54787,8225,203525,358801
05/25/2012,9193,25749,53831,8334,200179,360564
05/18/2012,9585,26530,53606,8322,201012,358351
05/11/2012,9862,26313,53680,7923,204311,357468
05/04/2012,10000,27691,53729,8160,207108,355340
04/27/2012,10258,28446,53453,8492,209721,350051
04/20/2012,10971,29632,54298,8728,211730,347211
04/13/2012,9560,29639,54633,8924,213965,343233
04/06/2012,9884,30617,56937,8904,217636,339377
03/30/2012,9244,32579,58856,9270,221913,336811
03/23/2012,9498,32523,58691,9175,223370,327802
03/16/2012,9707,33519,60499,9116,226907,320700
03/09/2012,8994,33608,62123,9007,228121,321862
03/02/2012,9964,32746,61484,8931,229531,320112
02/24/2012,11006,33708,62573,8689,229927,319264
02/17/2012,11512,33765,64093,8054,231527,315104
02/10/2012,10481,32414,61903,8025,232176,313471
02/03/2012,11376,32735,62633,7988,231776,313642
01/27/2012,11998,32544,62626,7827,230147,313351
01/20/2012,11963,30865,59926,7537,227130,309176
01/13/2012,11592,29512,59092,7051,227520,305618
01/06/2012,10698,29627,57985,6392,223803,309056
12/30/2011,9580,27599,56738,6265,220193,307231
12/23/2011,9260,28422,57751,6468,217714,305022
12/16/2011,10001,28387,57759,6696,218406,301123
12/09/2011,10138,29432,59102,5871,218818,311693
12/02/2011,9546,30727,57223,5782,214994,313625
11/25/2011,10248,28315,54620,5930,209847,312476
11/18/2011,10470,27840,54248,6226,209634,308544
11/11/2011,10467,26996,51332,5864,205159,314763
11/04/2011,10621,26571,51101,6033,204167,315819
10/28/2011,10865,27511,52826,6017,206274,317407
10/21/2011,10695,27210,52882,5894,204918,315581
10/14/2011,10872,25540,51638,6026,206271,310846
10/07/2011,11090,26966,53758,6165,209595,315575
09/30/2011,12124,27917,55329,5863,213729,314342
09/23/2011,12238,29255,56333,6008,214866,319021
09/16/2011,11322,27177,53912,5976,214075,317106
09/09/2011,10950,27044,54098,5964,210780,324442
09/02/2011,11359,24797,53371,5829,208840,331146
08/26/2011,11773,25933,54206,6082,208641,335107
08/19/2011,11633,26693,55026,6247,211436,329826
08/12/2011,11402,26190,55044,6131,210081,332039
08/05/2011,10723,25949,55438,6718,213591,327806
07/29/2011,10593,25827,55434,6922,215179,332927
07/22/2011,10353,25924,55880,6671,213478,331977
07/15/2011,10068,25556,55696,6842,212456,329681
07/08/2011,9896,26056,55800,6660,211699,333408
07/01/2011,9658,26874,55346,6586,212539,336532
06/24/2011,9704,25826,55278,6766,213173,337405
06/17/2011,9684,26175,56250,6799,214601,341780
06/10/2011,10786,26657,56573,6940,215065,343491
06/03/2011,11072,25912,54731,6741,214492,346897
05/27/2011,11000,24921,53326,7587,212283,351529
05/20/2011,11019,25364,53109,7772,209730,348651
05/13/2011,10595,24196,50842,7582,205936,348035
05/06/2011,10034,25156,51507,7473,205817,348050
04/29/2011,10101,24005,47999,7749,204542,344418
04/22/2011,9997,26133,49674,7610,205588,340997
04/15/2011,9859,27772,51337,8344,208096,334841
04/08/2011,9150,27606,52543,8391,209679,337163
04/01/2011,8012,30902,55548,8256,216679,335536
03/25/2011,9291,32782,58457,7723,217036,333920
03/18/2011,9384,33241,60405,7512,219720,330975
03/11/2011,9526,34679,62442,7241,225040,328844
03/04/2011,9555,35177,63005,7162,229214,327099
02/25/2011,9478,34115,63860,6869,234708,324722
02/18/2011,9844,33395,64817,6924,238298,325086
02/11/2011,10290,33520,64636,6812,241096,324264
02/04/2011,10532,32604,64439,7107,240891,323404
01/28/2011,10214,29187,60033,6647,236228,321573
01/21/2011,10278,27106,57556,6955,230074,318979
01/14/2011,10124,27075,55452,6066,227670,314143
01/07/2011,10553,27027,53429,5711,223227,311526
12/31/2010,10183,27128,53346,5724,218146,313918
12/24/2010,10416,27151,52650,6023,214857,318079
12/17/2010,10264,27846,54397,6084,217173,319337
12/10/2010,10534,27042,54285,6159,214773,324670
12/03/2010,10604,25724,52407,6268,213964,334524
11/26/2010,10379,23221,50763,6432,210153,338658
11/19/2010,10519,23050,51700,6233,209592,337592
11/12/2010,10327,24184,50239,6112,207679,336563
11/05/2010,10613,24372,50464,5847,210336,343849
10/29/2010,11367,24092,51705,6087,212253,347394
10/22/2010,11395,23740,52609,5897,214942,345444
10/15/2010,11177,25069,53491,5752,219329,340437
10/08/2010,10735,25807,54042,5848,218174,339770
10/01/2010,11469,27468,55612,6438,219943,340186
09/24/2010,11742,30076,57872,6571,222589,337343
09/17/2010,10710,31333,61828,6702,226058,337818
09/10/2010,10425,31876,61476,6933,224468,336848
09/03/2010,10843,31660,62439,6695,225162,339337
08/27/2010,11240,31930,64005,6698,225405,341105
08/20/2010,11517,30495,62673,6979,225617,337680
08/13/2010,11155,30248,61951,8165,223344,333572
08/06/2010,11109,30215,61356,8183,223383,334390
07/30/2010,11060,31047,61624,8271,222974,337388
07/23/2010,11739,30517,61329,8445,222245,340172
07/16/2010,11035,29350,61568,8642,222154,332864
07/09/2010,10583,29640,61118,8617,221036,332504
07/02/2010,10445,28951,60820,8751,219435,337562
06/25/2010,9900,28523,60218,8735,218115,342606
06/18/2010,9121,27168,58676,8503,217578,344613
06/11/2010,8713,28911,59393,7911,218340,342596
06/04/2010,8477,30063,60666,7826,218976,340906
05/28/2010,8648,30096,59653,,218984,342581
05/21/2010,9097,30081,59570,,221631,344483
05/14/2010,8851,30749,58522,,221834,342023
05/07/2010,9192,30621,57725,,222128,341861
04/30/2010,9210,31190,58534,,224942,339942
04/23/2010,8559,30746,56377,,223685,337187
04/16/2010,9290,30339,56292,,224925,335224
04/09/2010,9091,29767,56140,,221338,333330
04/02/2010,9221,29681,55501,,222374,335532
03/26/2010,9554,31581,58536,,224872,333386
03/19/2010,9264,32730,59235,,224559,330457
03/12/2010,9730,32760,59951,,227274,323212
03/05/2010,9874,33542,60320,,228984,322200
02/26/2010,10313,32575,60305,,231943,320730
02/19/2010,10811,33957,61863,,231170,316696
02/12/2010,11559,34636,62079,,232065,313662
02/05/2010,11464,32048,60487,,230445,310577
01/29/2010,11601,31948,58798,,228121,308283
01/22/2010,11606,33012,61666,,229427,305966
01/15/2010,11926,32181,61357,,227442,309854
01/08/2010,10813,32146,61067,,223492,310325
01/01/2010,11590,30722,59250,,219701,306626
12/25/2009,12418,31422,59283,,215964,307969
12/18/2009,13431,31390,58855,,216330,309507
12/11/2009,13833,31020,59626,,217213,314348
12/04/2009,13112,30051,57876,,216334,318037
11/27/2009,12234,29201,56184,,214081,321832
11/20/2009,12734,29530,56191,,210085,319741
11/13/2009,11853,29106,55191,,209082,318722
11/06/2009,11763,29128,56624,,210837,319609
10/30/2009,10046,28811,55966,,208277,317821
10/23/2009,10617,27747,55788,,208564,321757
10/16/2009,10559,27657,55656,,206945,320979
10/09/2009,11237,29053,57827,,209159,319667
10/02/2009,11171,30105,58662,,214389,319333
09/25/2009,11036,28648,55556,,211452,320467
09/18/2009,11562,28351,56537,,213109,317671
09/11/2009,10545,26124,54061,,207700,314816
09/04/2009,10565,26550,54592,,207153,319545
08/28/2009,10607,25588,53465,,205085,325351
08/21/2009,10319,27070,54201,,208054,325723
08/14/2009,10276,27769,55545,,209754,325595
08/07/2009,9589,28553,56505,,211931,333992
07/31/2009,9612,28745,56163,,212858,331296
07/24/2009,9742,28384,56059,,213076,329626
07/17/2009,9777,28348,56512,,215391,324474
07/10/2009,9953,28094,55685,,214578,326270
07/03/2009,10636,27623,55142,,213140,329083
06/26/2009,10192,27211,55178,,211238,331784
06/19/2009,10191,27554,54761,,208905,335444
06/12/2009,9678,26482,53860,,205034,339312
06/05/2009,10166,26705,52120,,201649,343186
05/29/2009,9068,27550,52575,,203202,347582
05/22/2009,8625,27873,52684,,203417,344716
05/15/2009,8861,29645,53702,,203954,350129
05/08/2009,8359,29287,54477,,208291,352234
05/01/2009,8155,31091,57149,,212445,356863
04/24/2009,7363,30461,55615,,212612,355909
04/17/2009,7094,31132,56836,,217307,351856
04/10/2009,6970,31339,56659,,216505,347999
04/03/2009,8195,30466,56197,,217449,342328
03/27/2009,8639,32517,58107,,216793,340912
03/20/2009,8870,31857,55907,,214568,338068
03/13/2009,8973,31375,55796,,215712,334766
03/06/2009,8976,30757,53309,,212517,332824
02/27/2009,9229,31738,55452,,215510,332309
02/20/2009,8818,32630,58837,,215342,333066
02/13/2009,8680,34224,59953,,218664,332349
02/06/2009,8976,33078,59494,,217559,332487
01/30/2009,9223,33711,61840,,220221,327868
01/23/2009,8012,33798,61234,,219859,320698
01/16/2009,8191,36284,63029,,219980,314480
01/09/2009,8114,34831,61191,,213505,308380
01/02/2009,7942,34398,62863,,211437,307236
12/26/2008,7738,32701,60488,,208103,301142
12/19/2008,8272,30318,58169,,207295,300593
12/12/2008,7964,28605,56057,,203959,303694
12/05/2008,7433,28481,55539,,202664,303169
11/28/2008,6854,26806,51764,,198942,302817
11/21/2008,6869,26356,52044,,200476,303273
11/14/2008,6864,25716,51595,,198634,295993
11/07/2008,6603,23469,49970,,198095,294394
10/31/2008,6391,22789,48645,,196113,294444
10/24/2008,6737,23478,48980,,194990,294390
10/17/2008,6312,24610,49805,,196497,293897
10/10/2008,6544,23655,46978,,193788,290715
10/03/2008,6893,23384,45347,,186815,285104
09/26/2008,7969,23828,43919,,179640,276912
09/19/2008,7966,24968,44803,,178739,272634
09/12/2008,8977,25952,46388,,184634,274154
09/05/2008,8541,28300,49608,,187942,280482
08/29/2008,8866,29315,51880,,194404,286362
08/22/2008,8006,31213,53906,,195441,288260
08/15/2008,7660,31391,55332,,196620,288437
08/08/2008,7804,33237,57647,,202822,279047
08/01/2008,7933,34738,58833,,209216,279363
07/25/2008,8130,33871,59808,,213560,277865
07/18/2008,7670,34336,60972,,217085,277946
07/11/2008,8315,33447,59912,,214238,279504
07/04/2008,8029,33680,59141,,211766,276552
06/27/2008,7840,32180,58996,,210857,282258
06/20/2008,7271,31366,58257,,208757,284240
06/13/2008,6982,30661,56550,,208910,283437
06/06/2008,6770,31970,57086,,210088,284679
05/30/2008,6615,31879,55310,,209090,289256
05/23/2008,6523,30915,55313,,206155,294058
05/16/2008,6247,33078,58089,,209413,302941
05/09/2008,5930,33023,58264,,210168,308258
05/02/2008,5966,32755,58401,,211883,308082
04/25/2008,5412,32321,56326,,211089,302429
04/18/2008,4813,31949,55622,,212572,298581
04/11/2008,5528,33955,58993,,215751,296160
04/04/2008,6037,36213,60102,,221268,298516
03/28/2008,6046,35793,61453,,224710,301723
03/21/2008,6272,35544,62622,,229235,294406
03/14/2008,5818,37514,65000,,232520,294318
03/07/2008,5745,37098,64427,,235967,294185
02/29/2008,5816,38531,66191,,234276,287785
02/22/2008,6159,38845,63873,,232619,290841
02/15/2008,6311,37553,63884,,230264,287610
02/08/2008,7539,38684,65889,,229236,283406
02/01/2008,7688,37378,64096,,227487,282340
01/25/2008,7936,36113,62053,,223899,275472
01/18/2008,8302,33562,61807,,220341,271917
01/11/2008,7973,32257,57916,,215256,269620
01/04/2008,7676,30840,57970,,213063,265361
12/28/2007,6817,29214,54746,,207842,271865
12/21/2007,6976,28954,53905,,205857,275921
12/14/2007,7307,27719,52989,,205221,279220
12/07/2007,7363,27249,52740,,202241,286806
11/30/2007,7309,27088,51593,,200623,287895
11/23/2007,7400,26904,50752,,196628,295808
11/16/2007,7020,26209,49393,,195190,296260
11/09/2007,7008,25069,49126,,195027,297331
11/02/2007,7019,25676,49459,,194313,294517
10/26/2007,7134,26161,49989,,195132,295477
10/19/2007,7216,25022,49852,,193837,299371
10/12/2007,6801,25644,50244,,195768,304659
10/05/2007,6909,25568,50177,,193000,302875
09/28/2007,6962,25784,50418,,191325,304684
09/21/2007,6875,25427,50788,,191366,303546
09/14/2007,8004,24659,48676,,190834,301704
09/07/2007,7697,24954,49175,,190417,305578
08/31/2007,7714,24660,49599,,191083,312591
08/24/2007,7239,24833,50064,,192564,316563
08/17/2007,7345,26857,52155,,196231,320049
08/10/2007,7226,27029,53596,,201940,318159
08/03/2007,7377,27808,54295,,202997,323326
07/27/2007,7642,28459,55204,,204720,327287
07/20/2007,7612,28225,55319,,204134,333784
07/13/2007,8221,28455,56403,,203341,334887
07/06/2007,7404,27190,54533,,205576,335336
06/29/2007,7364,25260,52875,,204433,336924
06/22/2007,7296,25540,50735,,202582,333773
06/15/2007,7805,25565,50621,,203331,332211
06/08/2007,7489,25578,49845,,201540,325309
06/01/2007,7214,27140,51548,,201537,325227
05/25/2007,7089,27362,52286,,198027,325014
05/18/2007,6148,28537,52489,,196666,326970
05/11/2007,5945,27897,51898,,195235,325001
05/04/2007,6152,29466,52573,,193471,323940
04/27/2007,5582,29745,53247,,193099,318468
04/20/2007,5698,29590,52690,,194214,317299
04/13/2007,5695,29901,52837,,197007,315225
04/06/2007,5235,30763,54328,,199725,316219
03/30/2007,5328,32137,56765,,205201,315387
03/23/2007,5679,32211,56539,,210231,311080
03/16/2007,5662,31642,55281,,210489,311926
03/09/2007,6358,31833,56781,,213939,308002
03/02/2007,6925,31844,56080,,216425,306822
02/23/2007,6722,33031,57660,,220175,311719
02/16/2007,6935,34718,60944,,222115,310298
02/09/2007,7445,34022,60455,,225156,306604
02/02/2007,7756,34423,62353,,227214,307193
01/26/2007,8336,33457,60231,,224614,307711
01/19/2007,7606,31322,57939,,220795,305027
01/12/2007,6904,29554,56374,,216786,304238
01/05/2007,7110,28649,54803,,213295,297470
12/29/2006,6251,28161,54538,,209532,303219
12/22/2006,6211,27076,51781,,203853,304518
12/15/2006,6059,26772,50544,,200915,312650
12/08/2006,6450,27410,51264,,199857,318973
12/01/2006,5685,26793,50814,,200031,323268
11/24/2006,5887,28750,53930,,201069,324458
11/17/2006,5613,28983,54025,,201658,324818
11/10/2006,6105,27799,53045,,200252,319657
11/03/2006,6409,27973,53112,,204033,318374
10/27/2006,6410,28599,53515,,204617,317857
10/20/2006,5344,30161,55483,,207416,315947
10/13/2006,5355,29774,56959,,210175,319152
10/06/2006,4725,30577,58817,,215397,314132
09/29/2006,5155,32319,59381,,215052,312001
09/22/2006,4967,30845,58188,,213899,308646
09/15/2006,4736,28760,54474,,207554,308755
09/08/2006,4644,29757,55730,,206994,311603
09/01/2006,4538,28820,54380,,206880,314507
08/25/2006,3559,28561,54395,,206162,316611
08/18/2006,2800,27861,53098,,205795,314130
08/11/2006,2803,26712,52754,,205393,314773
08/04/2006,2320,26968,53195,,207659,316380
07/28/2006,1923,26797,54406,,210868,317566
07/21/2006,1646,27780,54724,,211030,319340
07/14/2006,1227,29254,55724,,214194,319310
07/07/2006,999,28579,54592,,212651,319159
06/30/2006,1065,30790,57376,,213077,325089
06/23/2006,969,29680,57439,,212350,327510
06/16/2006,849,31485,58853,,213440,330839
06/09/2006,716,32192,59212,,213146,329454
06/02/2006,367,29469,56162,,210331,330434
05/26/2006,387,29509,56778,,209277,329151
05/19/2006,131,29963,56069,,208483,327552
05/12/2006,34,27871,52406,,206375,330550
05/05/2006,129,27103,50838,,205050,330615
04/28/2006,211,26714,48609,,202708,330289
04/21/2006,251,25281,47468,,200594,328562
04/14/2006,219,26445,48429,,202482,328788
04/07/2006,262,27851,51922,,207927,329594
03/31/2006,265,31779,55759,,211782,326442
03/24/2006,211,33740,58859,,216226,324332
03/17/2006,181,33471,60019,,221563,322302
03/10/2006,109,33666,59687,,223884,323612
03/03/2006,91,34146,58382,,224765,318776
02/24/2006,127,34200,59347,,225867,312135
02/17/2006,166,33425,57355,,225648,310497
02/10/2006,136,31535,57408,,225459,309376
02/03/2006,270,30505,56582,,223344,304523
01/27/2006,323,29990,56807,,219044,304935
01/20/2006,369,29008,54774,,214763,303016
01/13/2006,391,27709,53044,,211635,305325
01/06/2006,446,26884,53147,,208778,302584
12/30/2005,302,26669,51000,,204259,305527
12/23/2005,270,25284,51848,,202853,306540
12/16/2005,331,26661,53132,,204074,306422
12/09/2005,331,26348,54241,,204375,305122
12/02/2005,312,27213,54513,,202609,304230
11/25/2005,218,27049,54567,,199868,301443
11/18/2005,226,28462,55566,,200413,305631
11/11/2005,246,27313,54032,,200175,305277
11/04/2005,311,28551,54988,,201127,307436
10/28/2005,177,27613,52520,,196904,303027
10/21/2005,188,28503,52664,,195869,300293
10/14/2005,208,28582,52524,,195710,295879
10/07/2005,231,29362,51882,,192803,290324
09/30/2005,238,29535,52535,,195454,289398
09/23/2005,219,29512,53634,,199831,289644
09/16/2005,241,27854,51154,,195431,292056
09/09/2005,270,28489,50017,,191959,292378
09/02/2005,354,27255,49235,,190067,298938
08/26/2005,327,28130,53378,,194369,305363
08/19/2005,310,28899,52214,,194877,306883
08/12/2005,306,29449,55170,,198122,305031
08/05/2005,323,31109,56378,,203091,304790
07/29/2005,361,30747,56042,,205177,302036
07/22/2005,272,30798,58778,,209194,301840
07/15/2005,274,30846,59571,,211322,304085
07/08/2005,297,28595,57690,,212641,304985
07/01/2005,277,29429,59744,,215266,308884
06/24/2005,198,33170,62108,,216240,312453
06/17/2005,189,32307,60519,,215939,311349
06/10/2005,225,33603,62203,,215742,312928
06/03/2005,281,31718,60973,,216647,314711
05/27/2005,126,32358,60750,,216678,317706
05/20/2005,129,33814,61582,,215374,316218
05/13/2005,141,33882,60949,,214765,317905
05/06/2005,153,33725,59973,,213694,313562
04/29/2005,162,33923,60119,,213507,311127
04/22/2005,206,34372,59594,,211306,308447
04/15/2005,304,34142,58618,,211636,303032
04/08/2005,295,33471,59062,,213100,304805
04/01/2005,297,32119,57076,,212252,301151
03/25/2005,291,32945,58242,,214358,298349
03/18/2005,323,33038,59054,,217293,292966
03/11/2005,210,34016,60351,,221352,288869
03/04/2005,190,34641,59691,,224282,286276
02/25/2005,159,33436,59379,,224483,283301
02/18/2005,122,33589,59689,,223510,280906
02/11/2005,113,31265,58469,,221678,280298
02/04/2005,207,30919,56816,,216757,278156
01/28/2005,169,31817,58289,,216342,279566
01/21/2005,248,30332,58483,,214712,279890
01/14/2005,241,32194,59453,,216969,276461
01/07/2005,274,30876,59113,,215333,273060
12/31/2004,263,31280,58781,,214327,275442
12/24/2004,172,30436,56875,,212251,278661
12/17/2004,174,30136,54254,,211381,279520
12/10/2004,155,29388,54798,,209616,277396
12/03/2004,175,30315,55568,,208096,277522
11/26/2004,212,29426,54884,,205741,276981
11/19/2004,198,27864,51825,,202741,276132
11/12/2004,209,28741,54273,,200879,276047
11/05/2004,273,28150,52921,,201270,275232
10/29/2004,269,28820,53794,,201677,273529
10/22/2004,505,28425,53465,,201163,267257
10/15/2004,304,26968,51460,,199883,263313
10/08/2004,369,27369,51330,,200616,262115
10/01/2004,275,27053,51554,,199429,257912
09/24/2004,195,28599,52235,,198846,257031
09/17/2004,221,27607,50638,,199654,253630
09/10/2004,189,28612,52606,,202493,262742
09/03/2004,223,30713,52493,,204073,269754
08/27/2004,241,29815,54287,,206552,271284
08/20/2004,243,30515,54463,,205743,275516
08/13/2004,192,31171,54991,,205742,277216
08/06/2004,207,31030,54858,,208296,278427
07/30/2004,216,31489,56638,,210108,282564
07/23/2004,217,30488,55858,,207651,284379
07/16/2004,242,31159,56791,,208420,283207
07/09/2004,219,29687,55266,,205903,286780
07/02/2004,206,28830,54800,,206108,288952
06/25/2004,183,29978,55823,,205148,288862
06/18/2004,207,28104,52714,,205134,289366
06/11/2004,269,28358,54368,,205943,286951
06/04/2004,350,28484,54372,,206432,286099
05/28/2004,666,27975,54378,,204279,285384
05/21/2004,518,27996,54517,,203017,282605
05/14/2004,805,30060,55978,,203674,282580
05/07/2004,706,30054,55326,,202450,283676
04/30/2004,1079,29428,55084,,203996,282748
04/23/2004,1040,29060,55903,,199958,282653
04/16/2004,1200,28211,54656,,199083,279474
04/09/2004,1675,28977,53549,,197451,279266
